-- phpMyAdmin SQL Dump
-- version 5.2.1
-- https://www.phpmyadmin.net/
--
-- Host: 127.0.0.1
-- Generation Time: Nov 12, 2024 at 03:39 PM
-- Server version: 10.4.32-MariaDB
-- PHP Version: 8.2.12

SET SQL_MODE = "NO_AUTO_VALUE_ON_ZERO";
START TRANSACTION;
SET time_zone = "+00:00";


/*!40101 SET @OLD_CHARACTER_SET_CLIENT=@@CHARACTER_SET_CLIENT */;
/*!40101 SET @OLD_CHARACTER_SET_RESULTS=@@CHARACTER_SET_RESULTS */;
/*!40101 SET @OLD_COLLATION_CONNECTION=@@COLLATION_CONNECTION */;
/*!40101 SET NAMES utf8mb4 */;

--
-- Database: `dbpenjualan_0029`
--

-- --------------------------------------------------------

--
-- Table structure for table `barang`
--

CREATE TABLE `barang` (
  `kode_brg` varchar(10) NOT NULL,
  `nama_brg` varchar(50) DEFAULT NULL,
  `harga` decimal(10,2) DEFAULT NULL,
  `stok` int(11) DEFAULT NULL
) ENGINE=InnoDB DEFAULT CHARSET=utf8mb4 COLLATE=utf8mb4_general_ci;

--
-- Dumping data for table `barang`
--

INSERT INTO `barang` (`kode_brg`, `nama_brg`, `harga`, `stok`) VALUES
('A001', 'Beras 1kg', 15000.00, 100),
('A002', 'Beras 2kg', 25000.00, 50),
('A003', 'Beras ', 10000.00, 200);

-- --------------------------------------------------------

--
-- Table structure for table `pelanggan`
--

CREATE TABLE `pelanggan` (
  `id_plg` varchar(10) NOT NULL,
  `nama_plg` varchar(50) DEFAULT NULL,
  `alamat` text DEFAULT NULL
) ENGINE=InnoDB DEFAULT CHARSET=utf8mb4 COLLATE=utf8mb4_general_ci;

--
-- Dumping data for table `pelanggan`
--

INSERT INTO `pelanggan` (`id_plg`, `nama_plg`, `alamat`) VALUES
('P001', 'John Doe', 'Jl. Contoh No. 123, Jakarta'),
('P002', 'Jane Smith', 'Jl. Sample No. 456, Bandung'),
('P003', 'Ali Kurniawan', 'Jl. Test No. 789, Surabaya');

-- --------------------------------------------------------

--
-- Table structure for table `transaksi`
--

CREATE TABLE `transaksi` (
  `id` int(11) NOT NULL,
  `kode_brg` varchar(10) DEFAULT NULL,
  `id_plg` varchar(10) DEFAULT NULL,
  `jumlah` int(11) DEFAULT NULL,
  `total_harga` decimal(10,2) DEFAULT NULL,
  `tanggal` datetime DEFAULT NULL
) ENGINE=InnoDB DEFAULT CHARSET=utf8mb4 COLLATE=utf8mb4_general_ci;

--
-- Dumping data for table `transaksi`
--

INSERT INTO `transaksi` (`id`, `kode_brg`, `id_plg`, `jumlah`, `total_harga`, `tanggal`) VALUES
(1, 'A001', 'P001', 2, 30000.00, '2024-11-02 00:00:00'),
(2, 'A002', 'P002', 1, 25000.00, '2024-10-29 14:38:00'),
(3, 'A003', 'P003', 5, 50000.00, '2024-11-02 21:16:00'),
(4, 'A001', 'P001', 3, 45000.00, '2024-11-02 15:37:08'),
(5, 'A003', 'P003', 3, 30000.00, '2024-11-12 14:04:14');

--
-- Indexes for dumped tables
--

--
-- Indexes for table `barang`
--
ALTER TABLE `barang`
  ADD PRIMARY KEY (`kode_brg`);

--
-- Indexes for table `pelanggan`
--
ALTER TABLE `pelanggan`
  ADD PRIMARY KEY (`id_plg`);

--
-- Indexes for table `transaksi`
--
ALTER TABLE `transaksi`
  ADD PRIMARY KEY (`id`),
  ADD KEY `kode_brg` (`kode_brg`),
  ADD KEY `id_plg` (`id_plg`);

--
-- AUTO_INCREMENT for dumped tables
--

--
-- AUTO_INCREMENT for table `transaksi`
--
ALTER TABLE `transaksi`
  MODIFY `id` int(11) NOT NULL AUTO_INCREMENT, AUTO_INCREMENT=6;

--
-- Constraints for dumped tables
--

--
-- Constraints for table `transaksi`
--
ALTER TABLE `transaksi`
  ADD CONSTRAINT `transaksi_ibfk_1` FOREIGN KEY (`kode_brg`) REFERENCES `barang` (`kode_brg`),
  ADD CONSTRAINT `transaksi_ibfk_2` FOREIGN KEY (`id_plg`) REFERENCES `pelanggan` (`id_plg`);
COMMIT;

/*!40101 SET CHARACTER_SET_CLIENT=@OLD_CHARACTER_SET_CLIENT */;
/*!40101 SET CHARACTER_SET_RESULTS=@OLD_CHARACTER_SET_RESULTS */;
/*!40101 SET COLLATION_CONNECTION=@OLD_COLLATION_CONNECTION */;
